image1,image2
test_img_0178.jpg,test_img_0909.jpg
test_img_0291.jpg,test_img_0780.jpg
test_img_0296.jpg,test_img_1429.jpg
test_img_1376.jpg,test_img_1616.jpg
test_img_1405.jpg,test_img_1873.jpg
test_img_0068.jpg,test_img_1091.jpg
test_img_0162.jpg,test_img_0211.jpg
test_img_0218.jpg,test_img_1884.jpg
test_img_0248.jpg,test_img_0984.jpg
test_img_0309.jpg,test_img_1658.jpg
test_img_0339.jpg,test_img_1313.jpg
test_img_0588.jpg,test_img_1477.jpg
test_img_0667.jpg,test_img_0690.jpg
test_img_0708.jpg,test_img_0942.jpg
test_img_0741.jpg,test_img_1736.jpg
test_img_0786.jpg,test_img_1755.jpg
test_img_0972.jpg,test_img_1588.jpg
test_img_1000.jpg,test_img_1133.jpg
test_img_1272.jpg,test_img_1882.jpg
test_img_1494.jpg,test_img_1660.jpg
test_img_0009.jpg,test_img_0045.jpg
test_img_0027.jpg,test_img_0663.jpg
test_img_0038.jpg,test_img_1813.jpg
test_img_0052.jpg,test_img_0723.jpg
test_img_0077.jpg,test_img_1359.jpg
test_img_0087.jpg,test_img_1761.jpg
test_img_0120.jpg,test_img_0508.jpg
test_img_0134.jpg,test_img_1084.jpg
test_img_0163.jpg,test_img_0802.jpg
test_img_0164.jpg,test_img_0651.jpg
test_img_0188.jpg,test_img_0867.jpg
test_img_0192.jpg,test_img_1251.jpg
test_img_0200.jpg,test_img_0343.jpg
test_img_0206.jpg,test_img_1987.jpg
test_img_0226.jpg,test_img_1930.jpg
test_img_0227.jpg,test_img_1551.jpg
test_img_0235.jpg,test_img_1684.jpg
test_img_0246.jpg,test_img_1687.jpg
test_img_0252.jpg,test_img_0948.jpg
test_img_0258.jpg,test_img_1830.jpg
test_img_0264.jpg,test_img_1453.jpg
test_img_0283.jpg,test_img_1716.jpg
test_img_0355.jpg,test_img_0709.jpg
test_img_0356.jpg,test_img_0857.jpg
test_img_0371.jpg,test_img_0938.jpg
test_img_0390.jpg,test_img_0878.jpg
test_img_0416.jpg,test_img_1219.jpg
test_img_0429.jpg,test_img_0826.jpg
test_img_0437.jpg,test_img_1517.jpg
test_img_0472.jpg,test_img_1250.jpg
test_img_0511.jpg,test_img_1121.jpg
test_img_0519.jpg,test_img_1512.jpg
test_img_0534.jpg,test_img_0573.jpg
test_img_0559.jpg,test_img_1804.jpg
test_img_0638.jpg,test_img_1610.jpg
test_img_0642.jpg,test_img_0849.jpg
test_img_0643.jpg,test_img_1870.jpg
test_img_0694.jpg,test_img_0846.jpg
test_img_0703.jpg,test_img_1087.jpg
test_img_0767.jpg,test_img_1379.jpg
test_img_0869.jpg,test_img_1617.jpg
test_img_1031.jpg,test_img_1747.jpg
test_img_1034.jpg,test_img_1518.jpg
test_img_1094.jpg,test_img_1841.jpg
test_img_1102.jpg,test_img_1647.jpg
test_img_1112.jpg,test_img_1758.jpg
test_img_1116.jpg,test_img_1594.jpg
test_img_1126.jpg,test_img_1581.jpg
test_img_1150.jpg,test_img_1712.jpg
test_img_1294.jpg,test_img_1311.jpg
test_img_1310.jpg,test_img_1724.jpg
test_img_1360.jpg,test_img_1505.jpg
test_img_1399.jpg,test_img_1893.jpg
test_img_1443.jpg,test_img_1446.jpg
test_img_1488.jpg,test_img_1977.jpg
test_img_1495.jpg,test_img_1629.jpg
test_img_1500.jpg,test_img_1757.jpg
test_img_1504.jpg,test_img_1580.jpg
test_img_1533.jpg,test_img_1764.jpg
test_img_1760.jpg,test_img_1994.jpg
test_img_0010.jpg,test_img_0777.jpg
test_img_0014.jpg,test_img_1924.jpg
test_img_0018.jpg,test_img_0358.jpg
test_img_0035.jpg,test_img_0277.jpg
test_img_0059.jpg,test_img_1454.jpg
test_img_0092.jpg,test_img_0762.jpg
test_img_0096.jpg,test_img_0421.jpg
test_img_0132.jpg,test_img_1253.jpg
test_img_0138.jpg,test_img_1668.jpg
test_img_0160.jpg,test_img_1914.jpg
test_img_0189.jpg,test_img_0775.jpg
test_img_0196.jpg,test_img_0399.jpg
test_img_0243.jpg,test_img_0251.jpg
test_img_0259.jpg,test_img_0620.jpg
test_img_0265.jpg,test_img_0408.jpg
test_img_0273.jpg,test_img_1183.jpg
test_img_0287.jpg,test_img_0509.jpg
test_img_0306.jpg,test_img_1390.jpg
test_img_0307.jpg,test_img_1763.jpg
test_img_0323.jpg,test_img_1568.jpg
test_img_0324.jpg,test_img_0835.jpg
test_img_0328.jpg,test_img_1314.jpg
test_img_0348.jpg,test_img_1268.jpg
test_img_0378.jpg,test_img_0609.jpg
test_img_0415.jpg,test_img_1426.jpg
test_img_0424.jpg,test_img_0858.jpg
test_img_0435.jpg,test_img_1030.jpg
test_img_0439.jpg,test_img_0728.jpg
test_img_0481.jpg,test_img_0697.jpg
test_img_0487.jpg,test_img_1795.jpg
test_img_0500.jpg,test_img_1176.jpg
test_img_0526.jpg,test_img_1954.jpg
test_img_0594.jpg,test_img_1923.jpg
test_img_0648.jpg,test_img_1374.jpg
test_img_0669.jpg,test_img_1265.jpg
test_img_0717.jpg,test_img_1226.jpg
test_img_0759.jpg,test_img_1462.jpg
test_img_0772.jpg,test_img_1816.jpg
test_img_0873.jpg,test_img_1298.jpg
test_img_0886.jpg,test_img_0982.jpg
test_img_0908.jpg,test_img_1485.jpg
test_img_0932.jpg,test_img_1355.jpg
test_img_0955.jpg,test_img_1885.jpg
test_img_0961.jpg,test_img_1702.jpg
test_img_0974.jpg,test_img_1711.jpg
test_img_1008.jpg,test_img_1117.jpg
test_img_1046.jpg,test_img_1267.jpg
test_img_1061.jpg,test_img_1074.jpg
test_img_1095.jpg,test_img_1969.jpg
test_img_1118.jpg,test_img_1261.jpg
test_img_1295.jpg,test_img_1836.jpg
test_img_1487.jpg,test_img_1945.jpg
test_img_1546.jpg,test_img_1931.jpg
test_img_1613.jpg,test_img_1786.jpg
test_img_1810.jpg,test_img_1917.jpg
test_img_1851.jpg,test_img_1864.jpg
test_img_0000.jpg,test_img_1575.jpg
test_img_0003.jpg,test_img_0085.jpg
test_img_0015.jpg,test_img_1560.jpg
test_img_0016.jpg,test_img_0314.jpg
test_img_0028.jpg,test_img_0329.jpg
test_img_0031.jpg,test_img_1160.jpg
test_img_0034.jpg,test_img_1665.jpg
test_img_0064.jpg,test_img_1821.jpg
test_img_0067.jpg,test_img_0937.jpg
test_img_0078.jpg,test_img_1006.jpg
test_img_0079.jpg,test_img_0276.jpg
test_img_0081.jpg,test_img_0698.jpg
test_img_0084.jpg,test_img_0238.jpg
test_img_0088.jpg,test_img_0105.jpg
test_img_0119.jpg,test_img_0326.jpg
test_img_0137.jpg,test_img_0230.jpg
test_img_0147.jpg,test_img_0838.jpg
test_img_0149.jpg,test_img_1110.jpg
test_img_0170.jpg,test_img_1940.jpg
test_img_0174.jpg,test_img_1364.jpg
test_img_0181.jpg,test_img_1697.jpg
test_img_0199.jpg,test_img_1079.jpg
test_img_0257.jpg,test_img_0518.jpg
test_img_0275.jpg,test_img_1315.jpg
test_img_0300.jpg,test_img_0494.jpg
test_img_0344.jpg,test_img_1207.jpg
test_img_0369.jpg,test_img_0554.jpg
test_img_0382.jpg,test_img_1369.jpg
test_img_0384.jpg,test_img_1081.jpg
test_img_0398.jpg,test_img_1277.jpg
test_img_0409.jpg,test_img_1979.jpg
test_img_0412.jpg,test_img_0617.jpg
test_img_0413.jpg,test_img_0965.jpg
test_img_0450.jpg,test_img_1737.jpg
test_img_0454.jpg,test_img_0754.jpg
test_img_0485.jpg,test_img_1230.jpg
test_img_0498.jpg,test_img_1881.jpg
test_img_0513.jpg,test_img_1300.jpg
test_img_0515.jpg,test_img_1022.jpg
test_img_0542.jpg,test_img_1539.jpg
test_img_0546.jpg,test_img_1033.jpg
test_img_0547.jpg,test_img_1690.jpg
test_img_0552.jpg,test_img_1173.jpg
test_img_0555.jpg,test_img_1960.jpg
test_img_0574.jpg,test_img_1491.jpg
test_img_0575.jpg,test_img_0696.jpg
test_img_0595.jpg,test_img_1028.jpg
test_img_0601.jpg,test_img_0639.jpg
test_img_0637.jpg,test_img_1291.jpg
test_img_0646.jpg,test_img_0891.jpg
test_img_0662.jpg,test_img_1029.jpg
test_img_0671.jpg,test_img_0983.jpg
test_img_0675.jpg,test_img_1083.jpg
test_img_0687.jpg,test_img_1572.jpg
test_img_0691.jpg,test_img_1235.jpg
test_img_0731.jpg,test_img_1819.jpg
test_img_0732.jpg,test_img_1985.jpg
test_img_0733.jpg,test_img_1721.jpg
test_img_0739.jpg,test_img_1260.jpg
test_img_0740.jpg,test_img_1459.jpg
test_img_0799.jpg,test_img_1583.jpg
test_img_0801.jpg,test_img_1766.jpg
test_img_0840.jpg,test_img_0870.jpg
test_img_0843.jpg,test_img_1431.jpg
test_img_0871.jpg,test_img_1370.jpg
test_img_0896.jpg,test_img_1623.jpg
test_img_0898.jpg,test_img_1593.jpg
test_img_0911.jpg,test_img_1124.jpg
test_img_0954.jpg,test_img_1316.jpg
test_img_0970.jpg,test_img_1674.jpg
test_img_1001.jpg,test_img_1054.jpg
test_img_1009.jpg,test_img_1661.jpg
test_img_1015.jpg,test_img_1352.jpg
test_img_1026.jpg,test_img_1290.jpg
test_img_1059.jpg,test_img_1607.jpg
test_img_1080.jpg,test_img_1555.jpg
test_img_1122.jpg,test_img_1772.jpg
test_img_1167.jpg,test_img_1589.jpg
test_img_1274.jpg,test_img_1646.jpg
test_img_1282.jpg,test_img_1981.jpg
test_img_1327.jpg,test_img_1582.jpg
test_img_1483.jpg,test_img_1732.jpg
test_img_1545.jpg,test_img_1750.jpg
test_img_1585.jpg,test_img_1996.jpg
test_img_1719.jpg,test_img_1784.jpg
test_img_0113.jpg,test_img_0677.jpg
test_img_0114.jpg,test_img_1238.jpg
test_img_0167.jpg,test_img_1706.jpg
test_img_0223.jpg,test_img_1937.jpg
test_img_0268.jpg,test_img_1748.jpg
test_img_0379.jpg,test_img_1771.jpg
test_img_0387.jpg,test_img_1980.jpg
test_img_0395.jpg,test_img_1135.jpg
test_img_0528.jpg,test_img_1920.jpg
test_img_0615.jpg,test_img_0816.jpg
test_img_0653.jpg,test_img_1093.jpg
test_img_0672.jpg,test_img_1919.jpg
test_img_0755.jpg,test_img_1573.jpg
test_img_0957.jpg,test_img_1467.jpg
test_img_1032.jpg,test_img_1681.jpg
test_img_1236.jpg,test_img_1358.jpg
test_img_1348.jpg,test_img_1715.jpg
test_img_1447.jpg,test_img_1516.jpg
test_img_0022.jpg,test_img_0427.jpg
test_img_0055.jpg,test_img_1099.jpg
test_img_0075.jpg,test_img_1473.jpg
test_img_0139.jpg,test_img_1883.jpg
test_img_0154.jpg,test_img_0537.jpg
test_img_0241.jpg,test_img_1036.jpg
test_img_0262.jpg,test_img_1281.jpg
test_img_0303.jpg,test_img_1451.jpg
test_img_0341.jpg,test_img_1375.jpg
test_img_0354.jpg,test_img_0713.jpg
test_img_0400.jpg,test_img_1187.jpg
test_img_0423.jpg,test_img_1082.jpg
test_img_0469.jpg,test_img_0616.jpg
test_img_0475.jpg,test_img_1302.jpg
test_img_0520.jpg,test_img_1145.jpg
test_img_0530.jpg,test_img_1073.jpg
test_img_0535.jpg,test_img_1252.jpg
test_img_0550.jpg,test_img_1822.jpg
test_img_0560.jpg,test_img_0986.jpg
test_img_0619.jpg,test_img_1189.jpg
test_img_0629.jpg,test_img_1720.jpg
test_img_0656.jpg,test_img_1042.jpg
test_img_0660.jpg,test_img_1639.jpg
test_img_0680.jpg,test_img_0814.jpg
test_img_0729.jpg,test_img_1869.jpg
test_img_0750.jpg,test_img_1138.jpg
test_img_0778.jpg,test_img_1952.jpg
test_img_0815.jpg,test_img_1341.jpg
test_img_0833.jpg,test_img_1789.jpg
test_img_0848.jpg,test_img_1929.jpg
test_img_0887.jpg,test_img_1134.jpg
test_img_0930.jpg,test_img_1368.jpg
test_img_1010.jpg,test_img_1334.jpg
test_img_1056.jpg,test_img_1624.jpg
test_img_1794.jpg,test_img_1928.jpg
test_img_1854.jpg,test_img_1973.jpg
test_img_0116.jpg,test_img_0483.jpg
test_img_0194.jpg,test_img_1739.jpg
test_img_0295.jpg,test_img_0950.jpg
test_img_0397.jpg,test_img_1356.jpg
test_img_0538.jpg,test_img_1508.jpg
test_img_0564.jpg,test_img_1672.jpg
test_img_0813.jpg,test_img_1645.jpg
test_img_0905.jpg,test_img_1534.jpg
test_img_1018.jpg,test_img_1241.jpg
test_img_0037.jpg,test_img_1726.jpg
test_img_0043.jpg,test_img_1296.jpg
test_img_0086.jpg,test_img_1350.jpg
test_img_0102.jpg,test_img_1978.jpg
test_img_0177.jpg,test_img_0430.jpg
test_img_0201.jpg,test_img_1678.jpg
test_img_0267.jpg,test_img_1598.jpg
test_img_0290.jpg,test_img_0438.jpg
test_img_0349.jpg,test_img_1328.jpg
test_img_0377.jpg,test_img_0910.jpg
test_img_0431.jpg,test_img_1556.jpg
test_img_0506.jpg,test_img_0789.jpg
test_img_0562.jpg,test_img_0897.jpg
test_img_0603.jpg,test_img_0884.jpg
test_img_0623.jpg,test_img_1437.jpg
test_img_0681.jpg,test_img_1007.jpg
test_img_0682.jpg,test_img_0919.jpg
test_img_0711.jpg,test_img_1840.jpg
test_img_0736.jpg,test_img_0943.jpg
test_img_0756.jpg,test_img_1222.jpg
test_img_1005.jpg,test_img_1351.jpg
test_img_1279.jpg,test_img_1366.jpg
test_img_1471.jpg,test_img_1479.jpg
test_img_1166.jpg,test_img_1531.jpg
test_img_0205.jpg,test_img_0658.jpg
test_img_0282.jpg,test_img_1045.jpg
test_img_1602.jpg,test_img_1799.jpg
test_img_1403.jpg,test_img_1847.jpg
test_img_0292.jpg,test_img_1990.jpg
test_img_1535.jpg,test_img_1717.jpg
test_img_1621.jpg,test_img_1862.jpg
test_img_0523.jpg,test_img_0633.jpg
test_img_0566.jpg,test_img_1387.jpg
test_img_1597.jpg,test_img_1874.jpg
test_img_0563.jpg,test_img_1256.jpg
test_img_0545.jpg,test_img_1069.jpg
test_img_1284.jpg,test_img_1667.jpg
test_img_1542.jpg,test_img_1656.jpg
test_img_1344.jpg,test_img_1506.jpg
test_img_0549.jpg,test_img_0659.jpg
test_img_0539.jpg,test_img_1670.jpg
test_img_0436.jpg,test_img_1652.jpg
test_img_1396.jpg,test_img_1422.jpg
test_img_1078.jpg,test_img_1461.jpg
test_img_0496.jpg,test_img_0855.jpg
test_img_1181.jpg,test_img_1654.jpg
test_img_0581.jpg,test_img_1276.jpg
test_img_0599.jpg,test_img_1305.jpg
test_img_0442.jpg,test_img_1067.jpg
test_img_0939.jpg,test_img_1938.jpg
test_img_1020.jpg,test_img_1801.jpg
test_img_1169.jpg,test_img_1472.jpg
test_img_0216.jpg,test_img_0274.jpg
test_img_0433.jpg,test_img_1991.jpg
test_img_0250.jpg,test_img_0486.jpg
test_img_1071.jpg,test_img_1584.jpg
test_img_0456.jpg,test_img_1052.jpg
test_img_0122.jpg,test_img_1493.jpg
test_img_0913.jpg,test_img_1312.jpg
test_img_0054.jpg,test_img_1231.jpg
test_img_0470.jpg,test_img_1162.jpg
test_img_1436.jpg,test_img_1552.jpg
test_img_0830.jpg,test_img_1820.jpg
test_img_1383.jpg,test_img_1569.jpg
test_img_1956.jpg,test_img_1983.jpg
test_img_0966.jpg,test_img_1159.jpg
test_img_1119.jpg,test_img_1902.jpg
test_img_1867.jpg,test_img_1904.jpg
test_img_0069.jpg,test_img_0991.jpg
test_img_1203.jpg,test_img_1373.jpg
test_img_0516.jpg,test_img_1417.jpg
test_img_1332.jpg,test_img_1901.jpg
test_img_0103.jpg,test_img_0587.jpg
test_img_0129.jpg,test_img_1705.jpg
test_img_0338.jpg,test_img_0468.jpg
test_img_0012.jpg,test_img_1185.jpg
test_img_0203.jpg,test_img_0836.jpg
test_img_0152.jpg,test_img_1692.jpg
test_img_0168.jpg,test_img_1966.jpg
test_img_1728.jpg,test_img_1778.jpg
test_img_0567.jpg,test_img_0842.jpg
test_img_0124.jpg,test_img_0608.jpg
test_img_0029.jpg,test_img_0784.jpg
test_img_0049.jpg,test_img_1688.jpg
test_img_1278.jpg,test_img_1829.jpg
test_img_1044.jpg,test_img_1625.jpg
test_img_1148.jpg,test_img_1655.jpg
test_img_0406.jpg,test_img_1438.jpg
test_img_1137.jpg,test_img_1402.jpg
test_img_0976.jpg,test_img_1395.jpg
test_img_0184.jpg,test_img_1501.jpg
test_img_0127.jpg,test_img_0936.jpg
test_img_1335.jpg,test_img_1509.jpg
test_img_0721.jpg,test_img_1586.jpg
test_img_1529.jpg,test_img_1842.jpg
test_img_0476.jpg,test_img_0622.jpg
test_img_0040.jpg,test_img_0805.jpg
test_img_0441.jpg,test_img_1444.jpg
test_img_0989.jpg,test_img_1749.jpg
test_img_0724.jpg,test_img_1027.jpg
test_img_0313.jpg,test_img_0922.jpg
test_img_1060.jpg,test_img_1522.jpg
test_img_0490.jpg,test_img_0924.jpg
test_img_0083.jpg,test_img_1698.jpg
test_img_0056.jpg,test_img_0975.jpg
test_img_0195.jpg,test_img_0730.jpg
test_img_1408.jpg,test_img_1961.jpg
test_img_0364.jpg,test_img_0668.jpg
test_img_1228.jpg,test_img_1798.jpg
test_img_1557.jpg,test_img_1785.jpg
test_img_0751.jpg,test_img_0760.jpg
test_img_1211.jpg,test_img_1499.jpg
test_img_1114.jpg,test_img_1275.jpg
test_img_1047.jpg,test_img_1331.jpg
test_img_0006.jpg,test_img_1564.jpg
test_img_0735.jpg,test_img_1304.jpg
test_img_0568.jpg,test_img_1837.jpg
test_img_0302.jpg,test_img_1663.jpg
test_img_0308.jpg,test_img_0351.jpg
test_img_0074.jpg,test_img_0165.jpg
test_img_0050.jpg,test_img_1400.jpg
test_img_0118.jpg,test_img_0171.jpg
test_img_1385.jpg,test_img_1895.jpg
test_img_1803.jpg,test_img_1849.jpg
test_img_0269.jpg,test_img_1743.jpg
test_img_0570.jpg,test_img_0748.jpg
test_img_0742.jpg,test_img_1120.jpg
test_img_1768.jpg,test_img_1856.jpg
test_img_1838.jpg,test_img_1999.jpg
test_img_1384.jpg,test_img_1475.jpg
test_img_0294.jpg,test_img_0888.jpg
test_img_0921.jpg,test_img_1825.jpg
test_img_0589.jpg,test_img_1800.jpg
test_img_0625.jpg,test_img_0821.jpg
test_img_1604.jpg,test_img_1832.jpg
test_img_0678.jpg,test_img_0761.jpg
test_img_1434.jpg,test_img_1793.jpg
test_img_0507.jpg,test_img_1197.jpg
test_img_0021.jpg,test_img_1868.jpg
test_img_0652.jpg,test_img_1179.jpg
test_img_0825.jpg,test_img_1818.jpg
test_img_0278.jpg,test_img_1161.jpg
test_img_1460.jpg,test_img_1741.jpg
test_img_0004.jpg,test_img_0072.jpg
test_img_0448.jpg,test_img_1254.jpg
test_img_0521.jpg,test_img_1362.jpg
test_img_0962.jpg,test_img_1456.jpg
test_img_0330.jpg,test_img_1455.jpg
test_img_0151.jpg,test_img_0404.jpg
test_img_0446.jpg,test_img_1561.jpg
test_img_1538.jpg,test_img_1718.jpg
test_img_1704.jpg,test_img_1910.jpg
test_img_0182.jpg,test_img_1271.jpg
test_img_0158.jpg,test_img_1591.jpg
test_img_0768.jpg,test_img_1699.jpg
test_img_0025.jpg,test_img_1503.jpg
test_img_0451.jpg,test_img_1498.jpg
test_img_0233.jpg,test_img_0621.jpg
test_img_0104.jpg,test_img_0242.jpg
test_img_1132.jpg,test_img_1269.jpg
test_img_0110.jpg,test_img_1894.jpg
test_img_0336.jpg,test_img_1156.jpg
test_img_0477.jpg,test_img_0829.jpg
test_img_0002.jpg,test_img_0493.jpg
test_img_0734.jpg,test_img_1343.jpg
test_img_0512.jpg,test_img_1283.jpg
test_img_0097.jpg,test_img_0392.jpg
test_img_0229.jpg,test_img_0402.jpg
test_img_0565.jpg,test_img_0683.jpg
test_img_1076.jpg,test_img_1592.jpg
test_img_0557.jpg,test_img_1972.jpg
test_img_0128.jpg,test_img_1988.jpg
test_img_0141.jpg,test_img_1070.jpg
test_img_1519.jpg,test_img_1921.jpg
test_img_0764.jpg,test_img_1037.jpg
test_img_0757.jpg,test_img_1700.jpg
test_img_0973.jpg,test_img_1480.jpg
test_img_0148.jpg,test_img_1377.jpg
test_img_0293.jpg,test_img_1486.jpg
test_img_0071.jpg,test_img_0473.jpg
test_img_0553.jpg,test_img_1393.jpg
test_img_0912.jpg,test_img_1935.jpg
test_img_1330.jpg,test_img_1605.jpg
test_img_0256.jpg,test_img_0714.jpg
test_img_1671.jpg,test_img_1738.jpg
test_img_0023.jpg,test_img_0332.jpg
test_img_1727.jpg,test_img_1855.jpg
test_img_1057.jpg,test_img_1255.jpg
test_img_0893.jpg,test_img_1320.jpg
test_img_0779.jpg,test_img_1844.jpg
test_img_1188.jpg,test_img_1848.jpg
test_img_1247.jpg,test_img_1318.jpg
test_img_0630.jpg,test_img_0774.jpg
test_img_0598.jpg,test_img_1225.jpg
test_img_0488.jpg,test_img_1198.jpg
test_img_0443.jpg,test_img_1975.jpg
test_img_1751.jpg,test_img_1970.jpg
test_img_0604.jpg,test_img_1213.jpg
test_img_0501.jpg,test_img_1638.jpg
test_img_0583.jpg,test_img_0655.jpg
test_img_0237.jpg,test_img_1218.jpg
test_img_0098.jpg,test_img_0187.jpg
test_img_1297.jpg,test_img_1507.jpg
test_img_0183.jpg,test_img_1746.jpg
test_img_0478.jpg,test_img_1791.jpg
test_img_0665.jpg,test_img_0743.jpg
test_img_0712.jpg,test_img_0997.jpg
test_img_1814.jpg,test_img_1897.jpg
test_img_1144.jpg,test_img_1430.jpg
test_img_0207.jpg,test_img_1905.jpg
test_img_0809.jpg,test_img_1886.jpg
test_img_1035.jpg,test_img_1686.jpg
test_img_0699.jpg,test_img_1962.jpg
test_img_0892.jpg,test_img_1853.jpg
test_img_0161.jpg,test_img_1100.jpg
test_img_1558.jpg,test_img_1577.jpg
test_img_1063.jpg,test_img_1865.jpg
test_img_0410.jpg,test_img_1955.jpg
test_img_0396.jpg,test_img_0859.jpg
test_img_0592.jpg,test_img_1025.jpg
test_img_0458.jpg,test_img_0953.jpg
test_img_0289.jpg,test_img_0310.jpg
test_img_0089.jpg,test_img_0657.jpg
test_img_0385.jpg,test_img_0461.jpg
test_img_0386.jpg,test_img_1683.jpg
test_img_0444.jpg,test_img_0823.jpg
test_img_0048.jpg,test_img_1802.jpg
test_img_0340.jpg,test_img_0447.jpg
test_img_1221.jpg,test_img_1590.jpg
test_img_0057.jpg,test_img_0827.jpg
test_img_1474.jpg,test_img_1553.jpg
test_img_1691.jpg,test_img_1730.jpg
test_img_0315.jpg,test_img_0591.jpg
test_img_0363.jpg,test_img_1911.jpg
test_img_0107.jpg,test_img_1806.jpg
test_img_1077.jpg,test_img_1177.jpg
test_img_0525.jpg,test_img_0798.jpg
test_img_1206.jpg,test_img_1703.jpg
test_img_0949.jpg,test_img_1559.jpg
test_img_0706.jpg,test_img_1694.jpg
test_img_0579.jpg,test_img_0832.jpg
test_img_0524.jpg,test_img_1685.jpg
test_img_1014.jpg,test_img_1163.jpg
test_img_1216.jpg,test_img_1653.jpg
test_img_0763.jpg,test_img_1053.jpg
test_img_0850.jpg,test_img_1338.jpg
test_img_0881.jpg,test_img_1550.jpg
test_img_0585.jpg,test_img_1011.jpg
test_img_0727.jpg,test_img_1540.jpg
test_img_0803.jpg,test_img_1679.jpg
test_img_1245.jpg,test_img_1266.jpg
test_img_0214.jpg,test_img_0994.jpg
test_img_0219.jpg,test_img_1626.jpg
test_img_1916.jpg,test_img_1944.jpg
test_img_0101.jpg,test_img_0362.jpg
test_img_0452.jpg,test_img_1677.jpg
test_img_0304.jpg,test_img_0540.jpg
test_img_0783.jpg,test_img_1449.jpg
test_img_0401.jpg,test_img_1787.jpg
test_img_0445.jpg,test_img_1452.jpg
test_img_1105.jpg,test_img_1258.jpg
test_img_1409.jpg,test_img_1926.jpg
test_img_0499.jpg,test_img_0664.jpg
test_img_0112.jpg,test_img_1196.jpg
test_img_0532.jpg,test_img_1779.jpg
test_img_1618.jpg,test_img_1669.jpg
test_img_1051.jpg,test_img_1898.jpg
test_img_0197.jpg,test_img_0851.jpg
test_img_0322.jpg,test_img_0977.jpg
test_img_0926.jpg,test_img_1414.jpg
test_img_0967.jpg,test_img_1170.jpg
test_img_0745.jpg,test_img_1309.jpg
test_img_0920.jpg,test_img_1808.jpg
test_img_0571.jpg,test_img_0941.jpg
test_img_0866.jpg,test_img_1270.jpg
test_img_1659.jpg,test_img_1946.jpg
test_img_0357.jpg,test_img_0673.jpg
test_img_0979.jpg,test_img_1823.jpg
test_img_0631.jpg,test_img_0875.jpg
test_img_1049.jpg,test_img_1421.jpg
test_img_0533.jpg,test_img_1872.jpg
test_img_0126.jpg,test_img_0624.jpg
test_img_0492.jpg,test_img_1915.jpg
test_img_0011.jpg,test_img_0353.jpg
test_img_0647.jpg,test_img_1469.jpg
test_img_0916.jpg,test_img_1769.jpg
test_img_0261.jpg,test_img_0548.jpg
test_img_0100.jpg,test_img_0776.jpg
test_img_1345.jpg,test_img_1989.jpg
test_img_0325.jpg,test_img_1722.jpg
test_img_1202.jpg,test_img_1208.jpg
test_img_0013.jpg,test_img_1151.jpg
test_img_0225.jpg,test_img_0800.jpg
test_img_1184.jpg,test_img_1633.jpg
test_img_0173.jpg,test_img_0856.jpg
test_img_1164.jpg,test_img_1547.jpg
test_img_0758.jpg,test_img_1579.jpg
test_img_1104.jpg,test_img_1397.jpg
test_img_1520.jpg,test_img_1843.jpg
test_img_0403.jpg,test_img_1342.jpg
test_img_0449.jpg,test_img_1635.jpg
test_img_1892.jpg,test_img_1906.jpg
test_img_0166.jpg,test_img_0556.jpg
test_img_1532.jpg,test_img_1827.jpg
test_img_1464.jpg,test_img_1788.jpg
test_img_0958.jpg,test_img_1378.jpg
test_img_1149.jpg,test_img_1775.jpg
test_img_0342.jpg,test_img_1514.jpg
test_img_0224.jpg,test_img_0383.jpg
test_img_0232.jpg,test_img_1675.jpg
test_img_0968.jpg,test_img_1484.jpg
test_img_0503.jpg,test_img_1432.jpg
test_img_0108.jpg,test_img_1407.jpg
test_img_0862.jpg,test_img_1146.jpg
test_img_0239.jpg,test_img_0752.jpg
test_img_0419.jpg,test_img_0459.jpg
test_img_1168.jpg,test_img_1949.jpg
test_img_0988.jpg,test_img_1391.jpg
test_img_1324.jpg,test_img_1934.jpg
test_img_0753.jpg,test_img_1288.jpg
test_img_0685.jpg,test_img_1190.jpg
test_img_0032.jpg,test_img_0952.jpg
test_img_0828.jpg,test_img_1307.jpg
test_img_1603.jpg,test_img_1767.jpg
test_img_0333.jpg,test_img_1993.jpg
test_img_0391.jpg,test_img_1680.jpg
test_img_0543.jpg,test_img_1735.jpg
test_img_1361.jpg,test_img_1630.jpg
test_img_0956.jpg,test_img_1090.jpg
test_img_0388.jpg,test_img_1182.jpg
test_img_0001.jpg,test_img_1016.jpg
test_img_0704.jpg,test_img_0807.jpg
test_img_1293.jpg,test_img_1835.jpg
test_img_0702.jpg,test_img_1562.jpg
test_img_0960.jpg,test_img_1576.jpg
test_img_0925.jpg,test_img_1127.jpg
test_img_0514.jpg,test_img_1201.jpg
test_img_0359.jpg,test_img_0894.jpg
test_img_0602.jpg,test_img_1039.jpg
test_img_0070.jpg,test_img_0934.jpg
test_img_0900.jpg,test_img_1664.jpg
test_img_0030.jpg,test_img_0947.jpg
test_img_0785.jpg,test_img_0971.jpg
test_img_0632.jpg,test_img_1634.jpg
test_img_0980.jpg,test_img_1418.jpg
test_img_0407.jpg,test_img_1525.jpg
test_img_1435.jpg,test_img_1563.jpg
test_img_1812.jpg,test_img_1948.jpg
test_img_1152.jpg,test_img_1995.jpg
test_img_1086.jpg,test_img_1482.jpg
test_img_0272.jpg,test_img_1941.jpg
test_img_0462.jpg,test_img_1845.jpg
test_img_1017.jpg,test_img_1353.jpg
test_img_1024.jpg,test_img_1303.jpg
test_img_0810.jpg,test_img_1826.jpg
test_img_0375.jpg,test_img_0558.jpg
test_img_0864.jpg,test_img_1986.jpg
test_img_1068.jpg,test_img_1909.jpg
test_img_0689.jpg,test_img_1614.jpg
test_img_1240.jpg,test_img_1742.jpg
test_img_1382.jpg,test_img_1424.jpg
test_img_1141.jpg,test_img_1357.jpg
test_img_0628.jpg,test_img_1107.jpg
test_img_0834.jpg,test_img_1041.jpg
test_img_0380.jpg,test_img_1740.jpg
test_img_1476.jpg,test_img_1521.jpg
test_img_0204.jpg,test_img_0769.jpg
test_img_1229.jpg,test_img_1445.jpg
test_img_0463.jpg,test_img_0933.jpg
test_img_0536.jpg,test_img_1942.jpg
test_img_0202.jpg,test_img_0746.jpg
test_img_0361.jpg,test_img_0695.jpg
test_img_0796.jpg,test_img_1412.jpg
test_img_0005.jpg,test_img_0095.jpg
test_img_1019.jpg,test_img_1967.jpg
test_img_1339.jpg,test_img_1372.jpg
test_img_0946.jpg,test_img_1875.jpg
test_img_0944.jpg,test_img_1224.jpg
test_img_0817.jpg,test_img_1770.jpg
test_img_0541.jpg,test_img_1299.jpg
test_img_1023.jpg,test_img_1913.jpg
test_img_0352.jpg,test_img_1131.jpg
test_img_1155.jpg,test_img_1907.jpg
test_img_0159.jpg,test_img_1136.jpg
test_img_1217.jpg,test_img_1419.jpg
test_img_0231.jpg,test_img_1537.jpg
test_img_0321.jpg,test_img_0992.jpg
test_img_0111.jpg,test_img_1600.jpg
test_img_0692.jpg,test_img_1392.jpg
test_img_1439.jpg,test_img_1689.jpg
test_img_0133.jpg,test_img_0411.jpg
test_img_0484.jpg,test_img_0676.jpg
test_img_0298.jpg,test_img_1096.jpg
test_img_0901.jpg,test_img_1404.jpg
test_img_0627.jpg,test_img_0788.jpg
test_img_0327.jpg,test_img_1899.jpg
test_img_0121.jpg,test_img_1209.jpg
test_img_1234.jpg,test_img_1852.jpg
test_img_0405.jpg,test_img_1492.jpg
test_img_1130.jpg,test_img_1982.jpg
test_img_1055.jpg,test_img_1440.jpg
test_img_0872.jpg,test_img_1215.jpg
test_img_0319.jpg,test_img_1003.jpg
test_img_1354.jpg,test_img_1866.jpg
test_img_0422.jpg,test_img_0610.jpg
test_img_0928.jpg,test_img_1416.jpg
test_img_1420.jpg,test_img_1650.jpg
test_img_0024.jpg,test_img_0109.jpg
test_img_0684.jpg,test_img_0822.jpg
test_img_1153.jpg,test_img_1497.jpg
test_img_0346.jpg,test_img_1571.jpg
test_img_0597.jpg,test_img_0607.jpg
test_img_0544.jpg,test_img_1578.jpg
test_img_1809.jpg,test_img_1890.jpg
test_img_1631.jpg,test_img_1971.jpg
test_img_0993.jpg,test_img_1458.jpg
test_img_0635.jpg,test_img_1223.jpg
test_img_1714.jpg,test_img_1912.jpg
test_img_1386.jpg,test_img_1608.jpg
test_img_0198.jpg,test_img_0367.jpg
test_img_0115.jpg,test_img_1410.jpg
test_img_0649.jpg,test_img_1648.jpg
test_img_0222.jpg,test_img_1828.jpg
test_img_0288.jpg,test_img_1340.jpg
test_img_0425.jpg,test_img_1549.jpg
test_img_1174.jpg,test_img_1723.jpg
test_img_0394.jpg,test_img_0434.jpg
test_img_0845.jpg,test_img_0999.jpg
test_img_0106.jpg,test_img_0510.jpg
test_img_0136.jpg,test_img_0271.jpg
test_img_0414.jpg,test_img_1752.jpg
test_img_0464.jpg,test_img_1210.jpg
test_img_1609.jpg,test_img_1649.jpg
test_img_1643.jpg,test_img_1773.jpg
test_img_1322.jpg,test_img_1696.jpg
test_img_0179.jpg,test_img_0804.jpg
test_img_0316.jpg,test_img_0940.jpg
test_img_0334.jpg,test_img_0636.jpg
test_img_0263.jpg,test_img_1333.jpg
test_img_0626.jpg,test_img_1171.jpg
test_img_0749.jpg,test_img_1774.jpg
test_img_0019.jpg,test_img_1441.jpg
test_img_0254.jpg,test_img_1292.jpg
test_img_0099.jpg,test_img_1596.jpg
test_img_0865.jpg,test_img_1863.jpg
test_img_0935.jpg,test_img_1038.jpg
test_img_0046.jpg,test_img_0301.jpg
test_img_0927.jpg,test_img_1262.jpg
test_img_0044.jpg,test_img_0584.jpg
test_img_0393.jpg,test_img_1636.jpg
test_img_0688.jpg,test_img_1753.jpg
test_img_1777.jpg,test_img_1846.jpg
test_img_0670.jpg,test_img_1191.jpg
test_img_0155.jpg,test_img_1232.jpg
test_img_0215.jpg,test_img_0923.jpg
test_img_0047.jpg,test_img_1524.jpg
test_img_0039.jpg,test_img_1433.jpg
test_img_0373.jpg,test_img_0440.jpg
test_img_1306.jpg,test_img_1992.jpg
test_img_1158.jpg,test_img_1641.jpg
test_img_0297.jpg,test_img_1140.jpg
test_img_0266.jpg,test_img_1108.jpg
test_img_0561.jpg,test_img_0719.jpg
test_img_0480.jpg,test_img_0576.jpg
test_img_1013.jpg,test_img_1759.jpg
test_img_0915.jpg,test_img_1192.jpg
test_img_0705.jpg,test_img_1587.jpg
test_img_0612.jpg,test_img_1776.jpg
test_img_0058.jpg,test_img_1831.jpg
test_img_0426.jpg,test_img_1708.jpg
test_img_0782.jpg,test_img_0995.jpg
test_img_0467.jpg,test_img_1695.jpg
test_img_0281.jpg,test_img_1637.jpg
test_img_0820.jpg,test_img_1280.jpg
test_img_0600.jpg,test_img_1947.jpg
test_img_0432.jpg,test_img_1244.jpg
test_img_1246.jpg,test_img_1762.jpg
test_img_0026.jpg,test_img_0191.jpg
test_img_0135.jpg,test_img_0312.jpg
test_img_0959.jpg,test_img_1103.jpg
test_img_0529.jpg,test_img_0737.jpg
test_img_0260.jpg,test_img_0279.jpg
test_img_0420.jpg,test_img_0969.jpg
test_img_0093.jpg,test_img_1510.jpg
test_img_0169.jpg,test_img_1570.jpg
test_img_0726.jpg,test_img_1876.jpg
test_img_1194.jpg,test_img_1858.jpg
test_img_0249.jpg,test_img_1782.jpg
test_img_0883.jpg,test_img_1411.jpg
test_img_0795.jpg,test_img_1319.jpg
test_img_0117.jpg,test_img_0839.jpg
test_img_0661.jpg,test_img_1365.jpg
test_img_1125.jpg,test_img_1289.jpg
test_img_1089.jpg,test_img_1612.jpg
test_img_0931.jpg,test_img_1632.jpg
test_img_0082.jpg,test_img_1072.jpg
test_img_1511.jpg,test_img_1896.jpg
test_img_0718.jpg,test_img_1599.jpg
test_img_0210.jpg,test_img_0593.jpg
test_img_0918.jpg,test_img_1227.jpg
test_img_1523.jpg,test_img_1997.jpg
test_img_0017.jpg,test_img_1478.jpg
test_img_0460.jpg,test_img_0701.jpg
test_img_0847.jpg,test_img_1620.jpg
test_img_0489.jpg,test_img_0569.jpg
test_img_0073.jpg,test_img_0337.jpg
test_img_0317.jpg,test_img_0747.jpg
test_img_0062.jpg,test_img_0879.jpg
test_img_0951.jpg,test_img_1097.jpg
test_img_0497.jpg,test_img_0773.jpg
test_img_0981.jpg,test_img_1428.jpg
test_img_0247.jpg,test_img_0917.jpg
test_img_0674.jpg,test_img_0722.jpg
test_img_1142.jpg,test_img_1745.jpg
test_img_1128.jpg,test_img_1143.jpg
test_img_0482.jpg,test_img_1239.jpg
test_img_1860.jpg,test_img_1879.jpg
test_img_0582.jpg,test_img_0766.jpg
test_img_0686.jpg,test_img_1401.jpg
test_img_1964.jpg,test_img_1976.jpg
test_img_1734.jpg,test_img_1850.jpg
test_img_0157.jpg,test_img_0370.jpg
test_img_0234.jpg,test_img_0791.jpg
test_img_0578.jpg,test_img_1337.jpg
test_img_1098.jpg,test_img_1450.jpg
test_img_0465.jpg,test_img_0874.jpg
test_img_1088.jpg,test_img_1908.jpg
test_img_0146.jpg,test_img_1129.jpg
test_img_0131.jpg,test_img_1147.jpg
test_img_0065.jpg,test_img_1805.jpg
test_img_1481.jpg,test_img_1701.jpg
test_img_1040.jpg,test_img_1264.jpg
test_img_0522.jpg,test_img_0634.jpg
test_img_1544.jpg,test_img_1601.jpg
test_img_0156.jpg,test_img_1237.jpg
test_img_0650.jpg,test_img_0794.jpg
test_img_0707.jpg,test_img_0824.jpg
test_img_0606.jpg,test_img_0792.jpg
test_img_0455.jpg,test_img_1513.jpg
test_img_0417.jpg,test_img_0812.jpg
test_img_0350.jpg,test_img_0963.jpg
test_img_0091.jpg,test_img_0837.jpg
test_img_0280.jpg,test_img_1205.jpg
test_img_1048.jpg,test_img_1754.jpg
test_img_0985.jpg,test_img_1640.jpg
test_img_0212.jpg,test_img_1301.jpg
test_img_0360.jpg,test_img_0889.jpg
test_img_0495.jpg,test_img_1922.jpg
test_img_1050.jpg,test_img_1859.jpg
test_img_0090.jpg,test_img_1064.jpg
test_img_0880.jpg,test_img_1682.jpg
test_img_0641.jpg,test_img_1781.jpg
test_img_0491.jpg,test_img_0964.jpg
test_img_0551.jpg,test_img_1733.jpg
test_img_0125.jpg,test_img_0797.jpg
test_img_0175.jpg,test_img_0180.jpg
test_img_0240.jpg,test_img_0471.jpg
test_img_0041.jpg,test_img_1611.jpg
test_img_1200.jpg,test_img_1371.jpg
test_img_0172.jpg,test_img_1085.jpg
test_img_0715.jpg,test_img_0770.jpg
test_img_0818.jpg,test_img_1939.jpg
test_img_0474.jpg,test_img_1888.jpg
test_img_0457.jpg,test_img_1950.jpg
test_img_0042.jpg,test_img_1109.jpg
test_img_1502.jpg,test_img_1887.jpg
test_img_0613.jpg,test_img_1536.jpg
test_img_0372.jpg,test_img_0781.jpg
test_img_1323.jpg,test_img_1756.jpg
test_img_0877.jpg,test_img_1943.jpg
test_img_0366.jpg,test_img_0831.jpg
test_img_0376.jpg,test_img_1543.jpg
test_img_0213.jpg,test_img_1463.jpg
test_img_0882.jpg,test_img_0996.jpg
test_img_0221.jpg,test_img_0906.jpg
test_img_1243.jpg,test_img_1811.jpg
test_img_0076.jpg,test_img_0389.jpg
test_img_0596.jpg,test_img_1363.jpg
test_img_0331.jpg,test_img_1765.jpg
test_img_1489.jpg,test_img_1628.jpg
test_img_0285.jpg,test_img_1111.jpg
test_img_0185.jpg,test_img_0640.jpg
test_img_1325.jpg,test_img_1554.jpg
test_img_0644.jpg,test_img_1792.jpg
test_img_0063.jpg,test_img_1953.jpg
test_img_0428.jpg,test_img_0854.jpg
test_img_1157.jpg,test_img_1725.jpg
test_img_0186.jpg,test_img_0590.jpg
test_img_0007.jpg,test_img_1744.jpg
test_img_0618.jpg,test_img_1857.jpg
test_img_0806.jpg,test_img_1448.jpg
test_img_1257.jpg,test_img_1259.jpg
test_img_1388.jpg,test_img_1833.jpg
test_img_0008.jpg,test_img_1878.jpg
test_img_0145.jpg,test_img_1834.jpg
test_img_1075.jpg,test_img_1413.jpg
test_img_0645.jpg,test_img_1175.jpg
test_img_0605.jpg,test_img_0904.jpg
test_img_0890.jpg,test_img_1139.jpg
test_img_0305.jpg,test_img_0860.jpg
test_img_0504.jpg,test_img_1178.jpg
test_img_0654.jpg,test_img_0765.jpg
test_img_0852.jpg,test_img_1457.jpg
test_img_1286.jpg,test_img_1871.jpg
test_img_0270.jpg,test_img_1113.jpg
test_img_1729.jpg,test_img_1927.jpg
test_img_0209.jpg,test_img_0577.jpg
test_img_0929.jpg,test_img_1065.jpg
test_img_0725.jpg,test_img_1673.jpg
test_img_0841.jpg,test_img_1963.jpg
test_img_0710.jpg,test_img_0808.jpg
test_img_1115.jpg,test_img_1195.jpg
test_img_1220.jpg,test_img_1548.jpg
test_img_0311.jpg,test_img_0885.jpg
test_img_1186.jpg,test_img_1466.jpg
test_img_1336.jpg,test_img_1619.jpg
test_img_0899.jpg,test_img_1710.jpg
test_img_0193.jpg,test_img_1959.jpg
test_img_0744.jpg,test_img_1066.jpg
test_img_0531.jpg,test_img_1797.jpg
test_img_0903.jpg,test_img_1565.jpg
test_img_0572.jpg,test_img_0679.jpg
test_img_0033.jpg,test_img_0914.jpg
test_img_0738.jpg,test_img_1574.jpg
test_img_0020.jpg,test_img_1199.jpg
test_img_0347.jpg,test_img_0505.jpg
test_img_0053.jpg,test_img_1123.jpg
test_img_0220.jpg,test_img_1783.jpg
test_img_0217.jpg,test_img_1172.jpg
test_img_1101.jpg,test_img_1317.jpg
test_img_0861.jpg,test_img_1968.jpg
test_img_0868.jpg,test_img_1527.jpg
test_img_0876.jpg,test_img_1106.jpg
test_img_1657.jpg,test_img_1925.jpg
test_img_0527.jpg,test_img_1900.jpg
test_img_0142.jpg,test_img_0365.jpg
test_img_1780.jpg,test_img_1861.jpg
test_img_0453.jpg,test_img_1662.jpg
test_img_0255.jpg,test_img_1891.jpg
test_img_1666.jpg,test_img_1676.jpg
test_img_1496.jpg,test_img_1889.jpg
test_img_0284.jpg,test_img_1021.jpg
test_img_0945.jpg,test_img_1249.jpg
test_img_1165.jpg,test_img_1248.jpg
test_img_0299.jpg,test_img_1389.jpg
test_img_0320.jpg,test_img_0586.jpg
test_img_0236.jpg,test_img_1880.jpg
test_img_0790.jpg,test_img_1214.jpg
test_img_0208.jpg,test_img_1367.jpg
test_img_1285.jpg,test_img_1321.jpg
test_img_0245.jpg,test_img_1790.jpg
test_img_1092.jpg,test_img_1567.jpg
test_img_0771.jpg,test_img_1154.jpg
test_img_0990.jpg,test_img_1958.jpg
test_img_1308.jpg,test_img_1824.jpg
test_img_0374.jpg,test_img_1212.jpg
test_img_0060.jpg,test_img_1346.jpg
test_img_0418.jpg,test_img_1984.jpg
test_img_0080.jpg,test_img_0150.jpg
test_img_1004.jpg,test_img_1807.jpg
test_img_0094.jpg,test_img_1651.jpg
test_img_0036.jpg,test_img_0228.jpg
test_img_1796.jpg,test_img_1817.jpg
test_img_0381.jpg,test_img_1622.jpg
test_img_0720.jpg,test_img_1839.jpg
test_img_0061.jpg,test_img_0666.jpg
test_img_1442.jpg,test_img_1932.jpg
test_img_0811.jpg,test_img_0978.jpg
test_img_0176.jpg,test_img_1615.jpg
test_img_1043.jpg,test_img_1326.jpg
test_img_0051.jpg,test_img_1062.jpg
test_img_0335.jpg,test_img_0863.jpg
test_img_0693.jpg,test_img_1427.jpg
test_img_0123.jpg,test_img_0153.jpg
test_img_0368.jpg,test_img_1877.jpg
test_img_1415.jpg,test_img_1595.jpg
test_img_0286.jpg,test_img_1707.jpg
test_img_0614.jpg,test_img_1918.jpg
test_img_0517.jpg,test_img_1470.jpg
test_img_0502.jpg,test_img_1627.jpg
test_img_1287.jpg,test_img_1526.jpg
test_img_0716.jpg,test_img_1541.jpg
test_img_1606.jpg,test_img_1731.jpg
test_img_0140.jpg,test_img_1642.jpg
test_img_1204.jpg,test_img_1957.jpg
test_img_0907.jpg,test_img_1903.jpg
test_img_0066.jpg,test_img_1242.jpg
test_img_0844.jpg,test_img_1193.jpg
test_img_0787.jpg,test_img_0902.jpg
test_img_0700.jpg,test_img_1425.jpg
test_img_1566.jpg,test_img_1951.jpg
test_img_1058.jpg,test_img_1329.jpg
test_img_0793.jpg,test_img_1012.jpg
test_img_0345.jpg,test_img_1263.jpg
test_img_0853.jpg,test_img_1933.jpg
test_img_0130.jpg,test_img_1644.jpg
test_img_0895.jpg,test_img_1423.jpg
test_img_0143.jpg,test_img_1468.jpg
test_img_0466.jpg,test_img_0611.jpg
test_img_0253.jpg,test_img_1002.jpg
test_img_1515.jpg,test_img_1530.jpg
test_img_0998.jpg,test_img_1490.jpg
test_img_0580.jpg,test_img_1815.jpg
test_img_1398.jpg,test_img_1406.jpg
test_img_0318.jpg,test_img_1233.jpg
test_img_0987.jpg,test_img_1693.jpg
test_img_0144.jpg,test_img_1974.jpg
test_img_1349.jpg,test_img_1528.jpg
test_img_1347.jpg,test_img_1709.jpg
test_img_0244.jpg,test_img_1180.jpg
test_img_1465.jpg,test_img_1998.jpg
test_img_1394.jpg,test_img_1713.jpg
test_img_1380.jpg,test_img_1381.jpg
test_img_0190.jpg,test_img_1936.jpg
test_img_1273.jpg,test_img_1965.jpg
test_img_0479.jpg,test_img_0819.jpg
